Model,MSE
Random Forest,0.6064214917138079
XGBoost,0.6249200127941702
LightGBM,0.6440300966592377
K-Nearest Neighbors,0.6940843737099401
Multi-layer Perceptron,0.7216508939243487
Gradient Boosting,0.7609123420486734
Support Vector,0.8099471295963623
Ridge Regression,0.8852359851577073
Linear Regression,0.885739240836297
Lasso Regression,1.010850600069521
ElasticNet Regression,1.010850600069521
Decision Tree,1.058300055928763
